name,email,age,department
John Doe,john@company.com,30,Engineering
Jane Smith,jane@company.com,25,Sales
Bob Wilson,bob@company.com
Alice,alice@company.com,28
Charlie Brown,charlie-no-at-sign,35,Marketing
David Lee,david@,28,Engineering
Eve Wilson,@company.com,29,Sales
Frank Miller,frank@company.com,twenty-five,HR
Grace Lee,grace@company.com,-5,IT
Henry Wang,henry@company.com,999,Sales

   
Ivy Chen,ivy@company.com,32,Marketing,Extra,Field,Here
,missing-name@company.com,30,Engineering
Jack Stone,,35,Sales
K'evin O'Brien,kevin@company.com,28,Engineering
Laura "The Boss" Smith,laura@company.com,45,Management
"Martinez, Carlos",carlos@company.com,33,Finance
Nancy Davis,nancy@company.com,31,Engineering
Oscar Chen,oscar@company.com,27,Product
Paul	Wilson	paul@company.com	29	Engineering
,,,
Sofía García,sofia@company.com,26,Design
张伟,zhangwei@company.com,30,Engineering
Rachel Green,rachel@company.com,29,Sales
Steven Park,steven@company.com,34,Engineering
User0,user0@company.com,20,Dept0
User1,user1@company.com,21,Dept1
User2,user2@company.com,22,Dept2
User3,user3@company.com,23,Dept3
User4,user4@company.com,24,Dept4
User5,user5@company.com,25,Dept0
User6,user6@company.com,26,Dept1
User7,user7@company.com,27,Dept2
User8,user8@company.com,28,Dept3
User9,user9@company.com,29,Dept4
User10,user10@company.com,30,Dept0
User11,user11@company.com,31,Dept1
User12,user12@company.com,32,Dept2
User13,user13@company.com,33,Dept3
User14,user14@company.com,34,Dept4
User15,user15@company.com,35,Dept0
User16,user16@company.com,36,Dept1
User17,user17@company.com,37,Dept2
User18,user18@company.com,38,Dept3
User19,user19@company.com,39,Dept4
User20,user20@company.com,40,Dept0
User21,user21@company.com,41,Dept1
User22,user22@company.com,42,Dept2
User23,user23@company.com,43,Dept3
User24,user24@company.com,44,Dept4
User25,user25@company.com,45,Dept0
User26,user26@company.com,46,Dept1
User27,user27@company.com,47,Dept2
User28,user28@company.com,48,Dept3
User29,user29@company.com,49,Dept4
User30,user30@company.com,50,Dept0
User31,user31@company.com,51,Dept1
User32,user32@company.com,52,Dept2
User33,user33@company.com,53,Dept3
User34,user34@company.com,54,Dept4
User35,user35@company.com,55,Dept0
User36,user36@company.com,56,Dept1
User37,user37@company.com,57,Dept2
User38,user38@company.com,58,Dept3
User39,user39@company.com,59,Dept4
User40,user40@company.com,60,Dept0
User41,user41@company.com,61,Dept1
User42,user42@company.com,62,Dept2
User43,user43@company.com,63,Dept3
User44,user44@company.com,64,Dept4
User45,user45@company.com,65,Dept0
User46,user46@company.com,66,Dept1
User47,user47@company.com,67,Dept2
User48,user48@company.com,68,Dept3
User49,user49@company.com,69,Dept4
User50,user50@company.com,20,Dept0
User51,user51@company.com,21,Dept1
User52,user52@company.com,22,Dept2
User53,user53@company.com,23,Dept3
User54,user54@company.com,24,Dept4
User55,user55@company.com,25,Dept0
User56,user56@company.com,26,Dept1
User57,user57@company.com,27,Dept2
User58,user58@company.com,28,Dept3
User59,user59@company.com,29,Dept4
User60,user60@company.com,30,Dept0
User61,user61@company.com,31,Dept1
User62,user62@company.com,32,Dept2
User63,user63@company.com,33,Dept3
User64,user64@company.com,34,Dept4
User65,user65@company.com,35,Dept0
User66,user66@company.com,36,Dept1
User67,user67@company.com,37,Dept2
User68,user68@company.com,38,Dept3
User69,user69@company.com,39,Dept4
User70,user70@company.com,40,Dept0
User71,user71@company.com,41,Dept1
User72,user72@company.com,42,Dept2
User73,user73@company.com,43,Dept3
User74,user74@company.com,44,Dept4
User75,user75@company.com,45,Dept0
User76,user76@company.com,46,Dept1
User77,user77@company.com,47,Dept2
User78,user78@company.com,48,Dept3
User79,user79@company.com,49,Dept4
User80,user80@company.com,50,Dept0
User81,user81@company.com,51,Dept1
User82,user82@company.com,52,Dept2
User83,user83@company.com,53,Dept3
User84,user84@company.com,54,Dept4
User85,user85@company.com,55,Dept0
User86,user86@company.com,56,Dept1
User87,user87@company.com,57,Dept2
User88,user88@company.com,58,Dept3
User89,user89@company.com,59,Dept4
User90,user90@company.com,60,Dept0
User91,user91@company.com,61,Dept1
User92,user92@company.com,62,Dept2
User93,user93@company.com,63,Dept3
User94,user94@company.com,64,Dept4
User95,user95@company.com,65,Dept0
User96,user96@company.com,66,Dept1
User97,user97@company.com,67,Dept2
User98,user98@company.com,68,Dept3
User99,user99@company.com,69,Dept4
